"sales_month","kind_of_business","sales"
"1992-01-01","Men's clothing stores",701
"1992-01-01","Women's clothing stores",1873
"1992-02-01","Men's clothing stores",658
"1992-02-01","Women's clothing stores",1991
"1992-07-01","Women's clothing stores",2373
"1992-03-01","Men's clothing stores",731
"1992-03-01","Women's clothing stores",2403
"1992-04-01","Men's clothing stores",816
"1992-04-01","Women's clothing stores",2665
"1992-05-01","Men's clothing stores",856
"1992-05-01","Women's clothing stores",2752
"1992-06-01","Men's clothing stores",853
"1992-06-01","Women's clothing stores",2424
"1992-07-01","Men's clothing stores",714
"1992-08-01","Men's clothing stores",777
"1992-08-01","Women's clothing stores",2657
"1992-09-01","Men's clothing stores",762
"1992-09-01","Women's clothing stores",2560
"1992-10-01","Men's clothing stores",841
"1992-10-01","Women's clothing stores",2755
"1992-11-01","Men's clothing stores",913
"1992-11-01","Women's clothing stores",2946
"1992-12-01","Men's clothing stores",1557
"1992-12-01","Women's clothing stores",4416
"1993-01-01","Men's clothing stores",695
"1993-01-01","Women's clothing stores",2123
"1993-02-01","Men's clothing stores",618
"1993-02-01","Women's clothing stores",2005
"1993-03-01","Men's clothing stores",706
"1993-03-01","Women's clothing stores",2442
"1993-04-01","Men's clothing stores",796
"1993-04-01","Women's clothing stores",2762
"1993-05-01","Men's clothing stores",809
"1993-05-01","Women's clothing stores",2873
"1993-06-01","Men's clothing stores",792
"1993-06-01","Women's clothing stores",2552
"1993-07-01","Men's clothing stores",722
"1993-07-01","Women's clothing stores",2539
"1993-08-01","Men's clothing stores",729
"1993-08-01","Women's clothing stores",2626
"1993-09-01","Men's clothing stores",748
"1993-09-01","Women's clothing stores",2622
"1993-10-01","Men's clothing stores",836
"1993-10-01","Women's clothing stores",2713
"1993-11-01","Men's clothing stores",913
"1993-11-01","Women's clothing stores",2923
"1993-12-01","Men's clothing stores",1598
"1993-12-01","Women's clothing stores",4170
"1994-01-01","Men's clothing stores",688
"1994-01-01","Women's clothing stores",1786
"1994-02-01","Men's clothing stores",632
"1994-02-01","Women's clothing stores",1970
"1994-03-01","Men's clothing stores",762
"1994-03-01","Women's clothing stores",2560
"1994-04-01","Men's clothing stores",774
"1994-04-01","Women's clothing stores",2558
"1994-05-01","Men's clothing stores",791
"1994-05-01","Women's clothing stores",2552
"1994-06-01","Men's clothing stores",819
"1994-06-01","Women's clothing stores",2447
"1994-07-01","Men's clothing stores",719
"1994-07-01","Women's clothing stores",2248
"1994-08-01","Men's clothing stores",754
"1994-08-01","Women's clothing stores",2538
"1994-09-01","Men's clothing stores",754
"1994-09-01","Women's clothing stores",2418
"1994-10-01","Men's clothing stores",836
"1994-10-01","Women's clothing stores",2572
"1994-11-01","Men's clothing stores",935
"1994-11-01","Women's clothing stores",2798
"1994-12-01","Men's clothing stores",1568
"1994-12-01","Women's clothing stores",4138
"1995-01-01","Men's clothing stores",661
"1995-01-01","Women's clothing stores",1723
"1995-02-01","Men's clothing stores",607
"1995-02-01","Women's clothing stores",1810
"1995-03-01","Men's clothing stores",674
"1995-03-01","Women's clothing stores",2393
"1995-04-01","Men's clothing stores",726
"1995-04-01","Women's clothing stores",2438
"1995-05-01","Men's clothing stores",721
"1995-05-01","Women's clothing stores",2535
"1995-06-01","Men's clothing stores",740
"1995-06-01","Women's clothing stores",2357
"1995-07-01","Men's clothing stores",642
"1995-07-01","Women's clothing stores",2172
"1995-08-01","Men's clothing stores",697
"1995-08-01","Women's clothing stores",2326
"1995-09-01","Men's clothing stores",722
"1995-09-01","Women's clothing stores",2370
"1995-10-01","Men's clothing stores",756
"1995-10-01","Women's clothing stores",2312
"1995-11-01","Men's clothing stores",903
"1995-11-01","Women's clothing stores",2567
"1995-12-01","Men's clothing stores",1466
"1995-12-01","Women's clothing stores",3693
"1996-01-01","Men's clothing stores",639
"1996-01-01","Women's clothing stores",1565
"1996-02-01","Men's clothing stores",651
"1996-02-01","Women's clothing stores",1834
"1996-03-01","Men's clothing stores",708
"1996-03-01","Women's clothing stores",2193
"1996-04-01","Men's clothing stores",718
"1996-04-01","Women's clothing stores",2346
"1996-05-01","Men's clothing stores",774
"1996-05-01","Women's clothing stores",2552
"1996-06-01","Men's clothing stores",759
"1996-06-01","Women's clothing stores",2375
"1996-07-01","Men's clothing stores",660
"1996-07-01","Women's clothing stores",2072
"1996-08-01","Men's clothing stores",761
"1996-08-01","Women's clothing stores",2353
"1996-09-01","Men's clothing stores",744
"1996-09-01","Women's clothing stores",2276
"1996-10-01","Men's clothing stores",793
"1996-10-01","Women's clothing stores",2413
"1996-11-01","Men's clothing stores",919
"1996-11-01","Women's clothing stores",2594
"1996-12-01","Men's clothing stores",1420
"1996-12-01","Women's clothing stores",3665
"1997-01-01","Men's clothing stores",697
"1997-01-01","Women's clothing stores",1699
"1997-02-01","Men's clothing stores",633
"1997-02-01","Women's clothing stores",1813
"1997-03-01","Men's clothing stores",746
"1997-03-01","Women's clothing stores",2353
"1997-04-01","Men's clothing stores",716
"1997-04-01","Women's clothing stores",2227
"1997-05-01","Men's clothing stores",809
"1997-05-01","Women's clothing stores",2429
"1997-06-01","Men's clothing stores",793
"1997-06-01","Women's clothing stores",2199
"1997-07-01","Men's clothing stores",737
"1997-07-01","Women's clothing stores",2103
"1997-08-01","Men's clothing stores",846
"1997-08-01","Women's clothing stores",2334
"1997-09-01","Men's clothing stores",761
"1997-09-01","Women's clothing stores",2265
"1997-10-01","Men's clothing stores",870
"1997-10-01","Women's clothing stores",2358
"1997-11-01","Men's clothing stores",987
"1997-11-01","Women's clothing stores",2486
"1997-12-01","Men's clothing stores",1474
"1997-12-01","Women's clothing stores",3556
"1998-01-01","Men's clothing stores",716
"1998-01-01","Women's clothing stores",1722
"1998-02-01","Men's clothing stores",644
"1998-02-01","Women's clothing stores",1767
"1998-03-01","Men's clothing stores",735
"1998-03-01","Women's clothing stores",2194
"1998-04-01","Men's clothing stores",844
"1998-04-01","Women's clothing stores",2507
"1998-05-01","Men's clothing stores",836
"1998-05-01","Women's clothing stores",2512
"1998-06-01","Men's clothing stores",817
"1998-06-01","Women's clothing stores",2254
"1998-07-01","Men's clothing stores",757
"1998-07-01","Women's clothing stores",2222
"1998-08-01","Men's clothing stores",844
"1998-08-01","Women's clothing stores",2327
"1998-09-01","Men's clothing stores",754
"1998-09-01","Women's clothing stores",2244
"1998-10-01","Men's clothing stores",865
"1998-10-01","Women's clothing stores",2422
"1998-11-01","Men's clothing stores",955
"1998-11-01","Women's clothing stores",2531
"1998-12-01","Men's clothing stores",1429
"1998-12-01","Women's clothing stores",3630
"1999-01-01","Men's clothing stores",684
"1999-01-01","Women's clothing stores",1745
"1999-10-01","Women's clothing stores",2440
"1999-02-01","Men's clothing stores",610
"1999-02-01","Women's clothing stores",1883
"1999-03-01","Men's clothing stores",708
"1999-03-01","Women's clothing stores",2507
"1999-04-01","Men's clothing stores",812
"1999-04-01","Women's clothing stores",2616
"1999-05-01","Men's clothing stores",803
"1999-05-01","Women's clothing stores",2687
"1999-06-01","Men's clothing stores",791
"1999-06-01","Women's clothing stores",2405
"1999-07-01","Men's clothing stores",723
"1999-07-01","Women's clothing stores",2303
"1999-08-01","Men's clothing stores",789
"1999-08-01","Women's clothing stores",2407
"1999-09-01","Men's clothing stores",714
"1999-09-01","Women's clothing stores",2353
"1999-10-01","Men's clothing stores",802
"1999-11-01","Men's clothing stores",896
"1999-11-01","Women's clothing stores",2564
"1999-12-01","Men's clothing stores",1335
"1999-12-01","Women's clothing stores",3639
"2000-01-01","Men's clothing stores",635
"2000-01-01","Women's clothing stores",1682
"2000-02-01","Men's clothing stores",611
"2000-02-01","Women's clothing stores",1991
"2000-03-01","Men's clothing stores",707
"2000-03-01","Women's clothing stores",2670
"2000-04-01","Men's clothing stores",759
"2000-04-01","Women's clothing stores",2706
"2000-05-01","Men's clothing stores",770
"2000-05-01","Women's clothing stores",2810
"2000-06-01","Men's clothing stores",750
"2000-06-01","Women's clothing stores",2564
"2000-07-01","Men's clothing stores",719
"2000-07-01","Women's clothing stores",2382
"2000-08-01","Men's clothing stores",789
"2000-08-01","Women's clothing stores",2640
"2000-09-01","Men's clothing stores",751
"2000-09-01","Women's clothing stores",2658
"2000-10-01","Men's clothing stores",787
"2000-10-01","Women's clothing stores",2648
"2000-11-01","Men's clothing stores",897
"2000-11-01","Women's clothing stores",2823
"2000-12-01","Men's clothing stores",1332
"2000-12-01","Women's clothing stores",3873
"2001-01-01","Men's clothing stores",620
"2001-01-01","Women's clothing stores",1946
"2001-02-01","Men's clothing stores",588
"2001-02-01","Women's clothing stores",2154
"2001-03-01","Men's clothing stores",681
"2001-03-01","Women's clothing stores",2671
"2001-04-01","Men's clothing stores",675
"2001-04-01","Women's clothing stores",2801
"2001-05-01","Men's clothing stores",710
"2001-05-01","Women's clothing stores",2747
"2001-06-01","Men's clothing stores",702
"2001-06-01","Women's clothing stores",2507
"2001-07-01","Men's clothing stores",626
"2001-07-01","Women's clothing stores",2311
"2001-08-01","Men's clothing stores",743
"2001-08-01","Women's clothing stores",2661
"2001-09-01","Men's clothing stores",610
"2001-09-01","Women's clothing stores",2394
"2001-10-01","Men's clothing stores",704
"2001-10-01","Women's clothing stores",2615
"2001-11-01","Men's clothing stores",793
"2001-11-01","Women's clothing stores",2786
"2001-12-01","Men's clothing stores",1173
"2001-12-01","Women's clothing stores",3860
"2002-01-01","Men's clothing stores",540
"2002-01-01","Women's clothing stores",1987
"2002-02-01","Men's clothing stores",534
"2002-02-01","Women's clothing stores",2159
"2002-03-01","Men's clothing stores",657
"2002-03-01","Women's clothing stores",2779
"2002-04-01","Men's clothing stores",632
"2002-04-01","Women's clothing stores",2680
"2002-05-01","Men's clothing stores",665
"2002-05-01","Women's clothing stores",2755
"2002-06-01","Men's clothing stores",650
"2002-06-01","Women's clothing stores",2478
"2002-07-01","Men's clothing stores",592
"2002-07-01","Women's clothing stores",2260
"2002-08-01","Men's clothing stores",695
"2002-08-01","Women's clothing stores",2538
"2002-09-01","Men's clothing stores",604
"2002-09-01","Women's clothing stores",2373
"2002-10-01","Men's clothing stores",669
"2002-10-01","Women's clothing stores",2531
"2002-11-01","Men's clothing stores",761
"2002-11-01","Women's clothing stores",2740
"2002-12-01","Men's clothing stores",1113
"2002-12-01","Women's clothing stores",3966
"2003-01-01","Men's clothing stores",539
"2003-01-01","Women's clothing stores",2055
"2003-02-01","Men's clothing stores",498
"2003-02-01","Women's clothing stores",2091
"2003-03-01","Men's clothing stores",601
"2003-03-01","Women's clothing stores",2619
"2003-04-01","Men's clothing stores",631
"2003-04-01","Women's clothing stores",2724
"2003-05-01","Men's clothing stores",679
"2003-05-01","Women's clothing stores",2813
"2003-06-01","Men's clothing stores",657
"2003-06-01","Women's clothing stores",2536
"2003-07-01","Men's clothing stores",602
"2003-07-01","Women's clothing stores",2450
"2003-08-01","Men's clothing stores",741
"2003-08-01","Women's clothing stores",2597
"2003-09-01","Men's clothing stores",625
"2003-09-01","Women's clothing stores",2627
"2003-10-01","Men's clothing stores",704
"2003-10-01","Women's clothing stores",2793
"2003-11-01","Men's clothing stores",781
"2003-11-01","Women's clothing stores",2951
"2003-12-01","Men's clothing stores",1191
"2003-12-01","Women's clothing stores",4309
"2004-01-01","Men's clothing stores",574
"2004-01-01","Women's clothing stores",2267
"2004-02-01","Men's clothing stores",559
"2004-02-01","Women's clothing stores",2402
"2004-03-01","Men's clothing stores",637
"2004-03-01","Women's clothing stores",2915
"2004-04-01","Men's clothing stores",674
"2004-04-01","Women's clothing stores",3023
"2004-05-01","Men's clothing stores",675
"2004-05-01","Women's clothing stores",3005
"2004-06-01","Men's clothing stores",657
"2004-06-01","Women's clothing stores",2777
"2004-07-01","Men's clothing stores",639
"2004-07-01","Women's clothing stores",2595
"2004-08-01","Men's clothing stores",720
"2004-08-01","Women's clothing stores",2644
"2004-09-01","Men's clothing stores",634
"2004-09-01","Women's clothing stores",2774
"2005-09-01","Men's clothing stores",634
"2004-10-01","Men's clothing stores",727
"2004-10-01","Women's clothing stores",2990
"2004-11-01","Men's clothing stores",809
"2004-11-01","Women's clothing stores",3090
"2004-12-01","Men's clothing stores",1261
"2004-12-01","Women's clothing stores",4472
"2005-01-01","Men's clothing stores",575
"2005-01-01","Women's clothing stores",2338
"2005-02-01","Men's clothing stores",576
"2005-02-01","Women's clothing stores",2453
"2005-03-01","Men's clothing stores",699
"2005-03-01","Women's clothing stores",3105
"2005-04-01","Men's clothing stores",672
"2005-04-01","Women's clothing stores",3177
"2005-05-01","Men's clothing stores",698
"2005-05-01","Women's clothing stores",3164
"2005-09-01","Women's clothing stores",2963
"2005-06-01","Men's clothing stores",719
"2005-06-01","Women's clothing stores",3045
"2005-07-01","Men's clothing stores",646
"2005-07-01","Women's clothing stores",2741
"2005-08-01","Men's clothing stores",740
"2005-08-01","Women's clothing stores",2871
"2005-10-01","Men's clothing stores",717
"2005-10-01","Women's clothing stores",3120
"2005-11-01","Men's clothing stores",809
"2005-11-01","Women's clothing stores",3342
"2005-12-01","Men's clothing stores",1252
"2005-12-01","Women's clothing stores",4756
"2006-01-01","Men's clothing stores",570
"2006-01-01","Women's clothing stores",2518
"2006-02-01","Men's clothing stores",557
"2006-02-01","Women's clothing stores",2518
"2006-03-01","Men's clothing stores",660
"2006-03-01","Women's clothing stores",3194
"2006-04-01","Men's clothing stores",693
"2006-04-01","Women's clothing stores",3379
"2006-05-01","Men's clothing stores",693
"2006-05-01","Women's clothing stores",3340
"2006-06-01","Men's clothing stores",704
"2006-06-01","Women's clothing stores",3183
"2006-07-01","Men's clothing stores",623
"2006-07-01","Women's clothing stores",2923
"2006-08-01","Men's clothing stores",716
"2006-08-01","Women's clothing stores",2960
"2006-09-01","Men's clothing stores",718
"2006-09-01","Women's clothing stores",3164
"2006-10-01","Men's clothing stores",781
"2006-10-01","Women's clothing stores",3197
"2006-11-01","Men's clothing stores",823
"2006-11-01","Women's clothing stores",3414
"2006-12-01","Men's clothing stores",1306
"2006-12-01","Women's clothing stores",5019
"2007-01-01","Men's clothing stores",625
"2007-01-01","Women's clothing stores",2639
"2007-02-01","Men's clothing stores",600
"2007-02-01","Women's clothing stores",2694
"2007-03-01","Men's clothing stores",679
"2007-03-01","Women's clothing stores",3499
"2007-04-01","Men's clothing stores",731
"2007-04-01","Women's clothing stores",3531
"2007-05-01","Men's clothing stores",740
"2007-05-01","Women's clothing stores",3760
"2007-06-01","Men's clothing stores",718
"2007-06-01","Women's clothing stores",3412
"2007-07-01","Men's clothing stores",629
"2007-07-01","Women's clothing stores",2770
"2007-08-01","Men's clothing stores",636
"2007-08-01","Women's clothing stores",3205
"2007-09-01","Men's clothing stores",656
"2007-09-01","Women's clothing stores",3177
"2007-10-01","Men's clothing stores",717
"2007-10-01","Women's clothing stores",3306
"2007-11-01","Men's clothing stores",804
"2007-11-01","Women's clothing stores",3598
"2007-12-01","Men's clothing stores",1237
"2007-12-01","Women's clothing stores",4703
"2008-01-01","Men's clothing stores",609
"2008-01-01","Women's clothing stores",2519
"2008-02-01","Men's clothing stores",586
"2008-02-01","Women's clothing stores",2763
"2008-03-01","Men's clothing stores",681
"2008-03-01","Women's clothing stores",3392
"2008-04-01","Men's clothing stores",710
"2008-04-01","Women's clothing stores",3439
"2008-05-01","Men's clothing stores",757
"2008-05-01","Women's clothing stores",3603
"2008-06-01","Men's clothing stores",715
"2008-06-01","Women's clothing stores",3149
"2008-07-01","Men's clothing stores",622
"2008-07-01","Women's clothing stores",2972
"2008-08-01","Men's clothing stores",655
"2008-08-01","Women's clothing stores",3144
"2008-09-01","Men's clothing stores",635
"2008-09-01","Women's clothing stores",3064
"2008-10-01","Men's clothing stores",664
"2008-10-01","Women's clothing stores",3071
"2008-11-01","Men's clothing stores",708
"2008-11-01","Women's clothing stores",3242
"2008-12-01","Men's clothing stores",1009
"2008-12-01","Women's clothing stores",4044
"2009-01-01","Men's clothing stores",524
"2009-01-01","Women's clothing stores",2285
"2009-02-01","Men's clothing stores",496
"2009-02-01","Women's clothing stores",2424
"2009-03-01","Men's clothing stores",542
"2009-03-01","Women's clothing stores",2953
"2009-04-01","Men's clothing stores",669
"2009-04-01","Women's clothing stores",3264
"2009-05-01","Men's clothing stores",650
"2009-05-01","Women's clothing stores",3280
"2009-06-01","Men's clothing stores",607
"2009-06-01","Women's clothing stores",2894
"2009-07-01","Men's clothing stores",575
"2009-07-01","Women's clothing stores",2716
"2009-08-01","Men's clothing stores",551
"2009-08-01","Women's clothing stores",2942
"2009-09-01","Men's clothing stores",579
"2009-09-01","Women's clothing stores",2939
"2009-10-01","Men's clothing stores",610
"2009-10-01","Women's clothing stores",3095
"2009-11-01","Men's clothing stores",620
"2009-11-01","Women's clothing stores",3189
"2009-12-01","Men's clothing stores",930
"2009-12-01","Women's clothing stores",4074
"2010-01-01","Men's clothing stores",476
"2010-01-01","Women's clothing stores",2304
"2010-02-01","Men's clothing stores",471
"2010-02-01","Women's clothing stores",2480
"2010-03-01","Men's clothing stores",568
"2010-03-01","Women's clothing stores",3293
"2010-04-01","Men's clothing stores",630
"2010-04-01","Women's clothing stores",3334
"2010-05-01","Men's clothing stores",627
"2010-05-01","Women's clothing stores",3308
"2010-06-01","Men's clothing stores",598
"2010-06-01","Women's clothing stores",2995
"2010-07-01","Men's clothing stores",544
"2010-07-01","Women's clothing stores",2847
"2010-08-01","Men's clothing stores",517
"2010-08-01","Women's clothing stores",2960
"2010-09-01","Men's clothing stores",563
"2010-09-01","Women's clothing stores",3061
"2010-10-01","Men's clothing stores",634
"2010-10-01","Women's clothing stores",3214
"2010-11-01","Men's clothing stores",669
"2010-11-01","Women's clothing stores",3454
"2010-12-01","Men's clothing stores",988
"2010-12-01","Women's clothing stores",4440
"2011-01-01","Men's clothing stores",487
"2011-01-01","Women's clothing stores",2345
"2011-02-01","Men's clothing stores",497
"2011-02-01","Women's clothing stores",2753
"2011-03-01","Men's clothing stores",599
"2011-03-01","Women's clothing stores",3449
"2011-04-01","Men's clothing stores",690
"2011-04-01","Women's clothing stores",3582
"2011-05-01","Men's clothing stores",677
"2011-05-01","Women's clothing stores",3508
"2011-06-01","Men's clothing stores",661
"2011-06-01","Women's clothing stores",3285
"2011-07-01","Men's clothing stores",587
"2011-07-01","Women's clothing stores",3060
"2011-08-01","Men's clothing stores",549
"2011-08-01","Women's clothing stores",3027
"2011-09-01","Men's clothing stores",643
"2011-09-01","Women's clothing stores",3301
"2011-10-01","Men's clothing stores",682
"2011-10-01","Women's clothing stores",3297
"2011-11-01","Men's clothing stores",707
"2011-11-01","Women's clothing stores",3625
"2011-12-01","Men's clothing stores",1081
"2011-12-01","Women's clothing stores",4816
"2012-01-01","Men's clothing stores",525
"2012-01-01","Women's clothing stores",2544
"2012-02-01","Men's clothing stores",545
"2012-02-01","Women's clothing stores",3036
"2012-03-01","Men's clothing stores",623
"2012-03-01","Women's clothing stores",3840
"2012-04-01","Men's clothing stores",711
"2012-04-01","Women's clothing stores",3592
"2012-05-01","Men's clothing stores",725
"2012-05-01","Women's clothing stores",3693
"2012-06-01","Men's clothing stores",703
"2012-06-01","Women's clothing stores",3374
"2012-07-01","Men's clothing stores",613
"2012-07-01","Women's clothing stores",3094
"2012-08-01","Men's clothing stores",619
"2012-08-01","Women's clothing stores",3284
"2012-09-01","Men's clothing stores",687
"2012-09-01","Women's clothing stores",3339
"2012-10-01","Men's clothing stores",710
"2012-10-01","Women's clothing stores",3482
"2012-11-01","Men's clothing stores",731
"2012-11-01","Women's clothing stores",3823
"2012-12-01","Men's clothing stores",1080
"2012-12-01","Women's clothing stores",4693
"2013-01-01","Men's clothing stores",599
"2013-01-01","Women's clothing stores",2664
"2013-02-01","Men's clothing stores",560
"2013-02-01","Women's clothing stores",2806
"2013-03-01","Men's clothing stores",682
"2013-03-01","Women's clothing stores",3733
"2013-04-01","Men's clothing stores",718
"2013-04-01","Women's clothing stores",3511
"2013-05-01","Men's clothing stores",749
"2013-05-01","Women's clothing stores",3744
"2013-06-01","Men's clothing stores",678
"2013-06-01","Women's clothing stores",3273
"2013-07-01","Men's clothing stores",648
"2013-07-01","Women's clothing stores",3184
"2013-08-01","Men's clothing stores",687
"2013-08-01","Women's clothing stores",3484
"2013-09-01","Men's clothing stores",681
"2013-09-01","Women's clothing stores",3293
"2013-10-01","Men's clothing stores",785
"2013-10-01","Women's clothing stores",3515
"2013-11-01","Men's clothing stores",798
"2013-11-01","Women's clothing stores",3830
"2013-12-01","Men's clothing stores",1085
"2013-12-01","Women's clothing stores",4750
"2014-01-01","Men's clothing stores",573
"2014-01-01","Women's clothing stores",2469
"2014-02-01","Men's clothing stores",636
"2014-02-01","Women's clothing stores",2823
"2014-03-01","Men's clothing stores",702
"2014-03-01","Women's clothing stores",3548
"2014-04-01","Men's clothing stores",785
"2014-04-01","Women's clothing stores",3603
"2014-05-01","Men's clothing stores",801
"2014-05-01","Women's clothing stores",3774
"2014-06-01","Men's clothing stores",702
"2014-06-01","Women's clothing stores",3183
"2014-07-01","Men's clothing stores",655
"2014-07-01","Women's clothing stores",3178
"2014-08-01","Men's clothing stores",692
"2014-08-01","Women's clothing stores",3455
"2014-09-01","Men's clothing stores",694
"2014-09-01","Women's clothing stores",3247
"2014-10-01","Men's clothing stores",757
"2014-10-01","Women's clothing stores",3484
"2014-11-01","Men's clothing stores",803
"2014-11-01","Women's clothing stores",3859
"2014-12-01","Men's clothing stores",1070
"2014-12-01","Women's clothing stores",4952
"2015-01-01","Men's clothing stores",581
"2015-01-01","Women's clothing stores",2512
"2015-02-01","Men's clothing stores",633
"2015-02-01","Women's clothing stores",2762
"2015-03-01","Men's clothing stores",699
"2015-03-01","Women's clothing stores",3545
"2015-04-01","Men's clothing stores",767
"2015-04-01","Women's clothing stores",3458
"2015-05-01","Men's clothing stores",799
"2015-05-01","Women's clothing stores",3746
"2015-06-01","Men's clothing stores",716
"2015-06-01","Women's clothing stores",3231
"2015-07-01","Men's clothing stores",661
"2015-07-01","Women's clothing stores",3181
"2015-08-01","Men's clothing stores",713
"2015-08-01","Women's clothing stores",3383
"2015-09-01","Men's clothing stores",691
"2015-09-01","Women's clothing stores",3164
"2015-10-01","Men's clothing stores",744
"2015-10-01","Women's clothing stores",3454
"2015-11-01","Men's clothing stores",752
"2015-11-01","Women's clothing stores",3719
"2015-12-01","Men's clothing stores",1054
"2015-12-01","Women's clothing stores",4910
"2016-01-01","Men's clothing stores",558
"2016-01-01","Women's clothing stores",2477
"2016-02-01","Men's clothing stores",621
"2016-02-01","Women's clothing stores",2939
"2016-03-01","Men's clothing stores",706
"2016-03-01","Women's clothing stores",3659
"2016-04-01","Men's clothing stores",729
"2016-04-01","Women's clothing stores",3519
"2016-05-01","Men's clothing stores",771
"2016-05-01","Women's clothing stores",3606
"2016-06-01","Men's clothing stores",718
"2016-06-01","Women's clothing stores",3240
"2016-07-01","Men's clothing stores",628
"2016-07-01","Women's clothing stores",3141
"2016-08-01","Men's clothing stores",666
"2016-08-01","Women's clothing stores",3388
"2016-09-01","Men's clothing stores",681
"2016-09-01","Women's clothing stores",3170
"2016-10-01","Men's clothing stores",691
"2016-10-01","Women's clothing stores",3274
"2016-11-01","Men's clothing stores",730
"2016-11-01","Women's clothing stores",3718
"2016-12-01","Men's clothing stores",995
"2016-12-01","Women's clothing stores",4714
"2017-01-01","Men's clothing stores",559
"2017-01-01","Women's clothing stores",2454
"2017-02-01","Men's clothing stores",578
"2017-02-01","Women's clothing stores",2763
"2017-03-01","Men's clothing stores",715
"2017-03-01","Women's clothing stores",3485
"2017-04-01","Men's clothing stores",746
"2017-04-01","Women's clothing stores",3624
"2017-05-01","Men's clothing stores",781
"2017-05-01","Women's clothing stores",3616
"2017-06-01","Men's clothing stores",717
"2017-06-01","Women's clothing stores",3341
"2017-07-01","Men's clothing stores",614
"2017-07-01","Women's clothing stores",3199
"2017-08-01","Men's clothing stores",640
"2017-08-01","Women's clothing stores",3293
"2017-09-01","Men's clothing stores",676
"2017-09-01","Women's clothing stores",3122
"2017-10-01","Men's clothing stores",662
"2017-10-01","Women's clothing stores",3299
"2017-11-01","Men's clothing stores",699
"2017-11-01","Women's clothing stores",3774
"2017-12-01","Men's clothing stores",911
"2017-12-01","Women's clothing stores",4690
"2018-01-01","Men's clothing stores",528
"2018-01-01","Women's clothing stores",2391
"2018-02-01","Men's clothing stores",556
"2018-02-01","Women's clothing stores",2721
"2018-03-01","Men's clothing stores",689
"2018-03-01","Women's clothing stores",3545
"2018-04-01","Men's clothing stores",737
"2018-04-01","Women's clothing stores",3429
"2018-05-01","Men's clothing stores",775
"2018-05-01","Women's clothing stores",3805
"2018-06-01","Men's clothing stores",696
"2018-06-01","Women's clothing stores",3298
"2018-07-01","Men's clothing stores",588
"2018-07-01","Women's clothing stores",3208
"2018-08-01","Men's clothing stores",637
"2018-08-01","Women's clothing stores",3373
"2018-09-01","Men's clothing stores",691
"2018-09-01","Women's clothing stores",3178
"2018-10-01","Men's clothing stores",679
"2018-10-01","Women's clothing stores",3521
"2018-11-01","Men's clothing stores",742
"2018-11-01","Women's clothing stores",4157
"2018-12-01","Men's clothing stores",890
"2018-12-01","Women's clothing stores",4547
"2019-01-01","Men's clothing stores",585
"2019-01-01","Women's clothing stores",2511
"2019-02-01","Men's clothing stores",514
"2019-02-01","Women's clothing stores",2680
"2019-03-01","Men's clothing stores",642
"2019-03-01","Women's clothing stores",3585
"2019-04-01","Men's clothing stores",737
"2019-04-01","Women's clothing stores",3604
"2019-05-01","Men's clothing stores",747
"2019-05-01","Women's clothing stores",3807
"2019-06-01","Men's clothing stores",645
"2019-06-01","Women's clothing stores",3272
"2019-07-01","Men's clothing stores",581
"2019-07-01","Women's clothing stores",3261
"2019-08-01","Men's clothing stores",617
"2019-08-01","Women's clothing stores",3325
"2019-09-01","Men's clothing stores",662
"2019-09-01","Women's clothing stores",3080
"2019-10-01","Men's clothing stores",674
"2019-10-01","Women's clothing stores",3390
"2019-11-01","Men's clothing stores",714
"2019-11-01","Women's clothing stores",3850
"2019-12-01","Men's clothing stores",863
"2019-12-01","Women's clothing stores",4496
"2020-01-01","Men's clothing stores",550
"2020-01-01","Women's clothing stores",2532
"2020-02-01","Men's clothing stores",527
"2020-02-01","Women's clothing stores",2797
"2020-03-01","Men's clothing stores",267
"2020-03-01","Women's clothing stores",1564
"2020-04-01","Men's clothing stores",90
"2020-04-01","Women's clothing stores",495
"2020-05-01","Men's clothing stores",155
"2020-05-01","Women's clothing stores",1099
"2020-06-01","Men's clothing stores",303
"2020-06-01","Women's clothing stores",2027
"2020-07-01","Men's clothing stores",405
"2020-07-01","Women's clothing stores",2373
"2020-08-01","Men's clothing stores",379
"2020-08-01","Women's clothing stores",2386
"2020-09-01","Men's clothing stores",401
"2020-09-01","Women's clothing stores",2494
"2020-10-01","Men's clothing stores",NULL
"2020-10-01","Women's clothing stores",2634
"2020-11-01","Men's clothing stores",NULL
"2020-11-01","Women's clothing stores",2726
"2020-12-01","Men's clothing stores",604
"2020-12-01","Women's clothing stores",3399
