"sales_month","sales","moving_avg","records_count"
"1995-11-01",2567,2428.4166666666666667,12
"2006-02-01",2518,3110.0000000000000000,12
"2003-06-01",2536,2603.8333333333333333,12
"2000-05-01",2810,2497.5000000000000000,12
"2013-11-01",3830,3477.5000000000000000,12
"1997-12-01",3556,2318.5000000000000000,12
"2007-12-01",4703,3357.8333333333333333,12
"1996-07-01",2072,2350.4166666666666667,12
"2009-09-01",2939,3004.5000000000000000,12
"2017-11-01",3774,3390.3333333333333333,12
"2011-08-01",3027,3264.8333333333333333,12
"2010-01-01",2304,3006.1666666666666667,12
"2015-08-01",3383,3446.6666666666666667,12
"2014-12-01",4952,3464.5833333333333333,12
"2010-11-01",3454,3110.3333333333333333,12
"1993-03-01",2442,2676.5000000000000000,12
"2014-11-01",3859,3447.7500000000000000,12
"1997-02-01",1813,2362.5833333333333333,12
"1993-06-01",2552,2705.3333333333333333,12
"2013-10-01",3515,3476.9166666666666667,12
"1996-01-01",1565,2378.1666666666666667,12
"2013-09-01",3293,3474.1666666666666667,12
"2003-04-01",2724,2594.1666666666666667,12
"1999-03-01",2507,2398.6666666666666667,12
"2009-12-01",4074,3004.5833333333333333,12
"2020-06-01",2027,2659.6666666666666667,12
"2006-12-01",5019,3234.0833333333333333,12
"2017-01-01",2454,3401.8333333333333333,12
"2004-02-01",2402,2757.3333333333333333,12
"2006-10-01",3197,3206.1666666666666667,12
"2012-10-01",3482,3476.5833333333333333,12
"2008-12-01",4044,3200.1666666666666667,12
"2017-03-01",3485,3372.6666666666666667,12
"2012-01-01",2544,3353.9166666666666667,12
"2011-02-01",2753,3167.0000000000000000,12
"2015-05-01",3746,3448.4166666666666667,12
"2020-08-01",2386,2507.4166666666666667,12
"2007-11-01",3598,3384.1666666666666667,12
"2014-09-01",3247,3447.9166666666666667,12
"2007-09-01",3177,3359.7500000000000000,12
"2001-02-01",2154,2656.1666666666666667,12
"1994-04-01",2558,2657.6666666666666667,12
"1997-06-01",2199,2341.0833333333333333,12
"2003-07-01",2450,2619.6666666666666667,12
"2002-05-01",2755,2624.5000000000000000,12
"2014-07-01",3178,3454.1666666666666667,12
"1994-10-01",2572,2561.8333333333333333,12
"2019-04-01",3604,3455.5833333333333333,12
"2018-03-01",3545,3384.5833333333333333,12
"1993-12-01",4170,2695.8333333333333333,12
"1993-10-01",2713,2718.2500000000000000,12
"2000-06-01",2564,2510.7500000000000000,12
"1996-10-01",2413,2353.2500000000000000,12
"1998-10-01",2422,2351.0833333333333333,12
"1999-09-01",2353,2457.4166666666666667,12
"1995-04-01",2438,2506.2500000000000000,12
"2013-02-01",2806,3473.6666666666666667,12
"2006-05-01",3340,3148.9166666666666667,12
"2001-12-01",3860,2621.0833333333333333,12
"1995-06-01",2357,2497.3333333333333333,12
"1997-03-01",2353,2375.9166666666666667,12
"1994-08-01",2538,2590.5833333333333333,12
"2019-09-01",3080,3445.8333333333333333,12
"1999-12-01",3639,2462.4166666666666667,12
"2015-01-01",2512,3468.1666666666666667,12
"2011-10-01",3297,3291.7500000000000000,12
"2010-05-01",3308,3047.3333333333333333,12
"2001-10-01",2615,2625.2500000000000000,12
"2014-03-01",3548,3452.0000000000000000,12
"2006-07-01",2923,3175.5833333333333333,12
"1994-05-01",2552,2630.9166666666666667,12
"2020-09-01",2494,2458.5833333333333333,12
"1998-02-01",1767,2316.5833333333333333,12
"2008-04-01",3439,3337.0000000000000000,12
"2005-11-01",3342,3065.9166666666666667,12
"1993-08-01",2626,2716.5833333333333333,12
"2001-05-01",2747,2658.9166666666666667,12
"2004-09-01",2774,2871.2500000000000000,12
"1996-11-01",2594,2355.5000000000000000,12
"1999-06-01",2405,2434.9166666666666667,12
"1998-03-01",2194,2303.3333333333333333,12
"2010-07-01",2847,3066.6666666666666667,12
"2015-02-01",2762,3463.0833333333333333,12
"1998-08-01",2327,2347.5000000000000000,12
"1996-09-01",2276,2344.8333333333333333,12
"2000-11-01",2823,2601.0833333333333333,12
"2014-04-01",3603,3459.6666666666666667,12
"1995-02-01",1810,2530.1666666666666667,12
"2004-06-01",2777,2843.0000000000000000,12
"2009-08-01",2942,3014.9166666666666667,12
"2006-06-01",3183,3160.4166666666666667,12
"2008-10-01",3071,3284.7500000000000000,12
"2019-02-01",2680,3437.6666666666666667,12
"1998-05-01",2512,2333.5833333333333333,12
"2002-07-01",2260,2617.8333333333333333,12
"2015-04-01",3458,3450.7500000000000000,12
"2006-04-01",3379,3134.2500000000000000,12
"2004-07-01",2595,2855.0833333333333333,12
"1994-09-01",2418,2573.5833333333333333,12
"2000-04-01",2706,2487.2500000000000000,12
"2016-02-01",2939,3433.9166666666666667,12
"2013-08-01",3484,3478.0000000000000000,12
"2005-12-01",4756,3089.5833333333333333,12
"2011-09-01",3301,3284.8333333333333333,12
"2004-04-01",3023,2806.9166666666666667,12
"2004-11-01",3090,2899.2500000000000000,12
"2005-01-01",2338,2918.7500000000000000,12
"2020-03-01",1564,3248.1666666666666667,12
"2018-09-01",3178,3392.5833333333333333,12
"1999-10-01",2440,2458.9166666666666667,12
"2007-01-01",2639,3244.1666666666666667,12
"2006-09-01",3164,3199.7500000000000000,12
"2005-03-01",3105,2938.8333333333333333,12
"1996-06-01",2375,2358.7500000000000000,12
"1993-07-01",2539,2719.1666666666666667,12
"2005-09-01",2963,3034.0833333333333333,12
"2007-10-01",3306,3368.8333333333333333,12
"1993-11-01",2923,2716.3333333333333333,12
"2005-04-01",3177,2951.6666666666666667,12
"2001-01-01",1946,2642.5833333333333333,12
"2011-06-01",3285,3241.5000000000000000,12
"1994-02-01",1970,2664.8333333333333333,12
"2016-04-01",3519,3448.5000000000000000,12
"2017-02-01",2763,3387.1666666666666667,12
"2001-07-01",2311,2648.2500000000000000,12
"2001-11-01",2786,2622.1666666666666667,12
"2016-05-01",3606,3436.8333333333333333,12
"2019-01-01",2511,3441.0833333333333333,12
"2011-12-01",4816,3337.3333333333333333,12
"2007-08-01",3205,3358.6666666666666667,12
"1994-03-01",2560,2674.6666666666666667,12
"2003-09-01",2627,2645.7500000000000000,12
"2012-06-01",3374,3433.7500000000000000,12
"2016-09-01",3170,3435.1666666666666667,12
"2012-05-01",3693,3426.3333333333333333,12
"2005-08-01",2871,3018.3333333333333333,12
"2011-11-01",3625,3306.0000000000000000,12
"1997-04-01",2227,2366.0000000000000000,12
"2009-03-01",2953,3115.8333333333333333,12
"1998-09-01",2244,2345.7500000000000000,12
"2006-01-01",2518,3104.5833333333333333,12
"2018-07-01",3208,3381.2500000000000000,12
"2000-09-01",2658,2562.1666666666666667,12
"2016-07-01",3141,3434.2500000000000000,12
"1996-12-01",3665,2353.1666666666666667,12
"2018-02-01",2721,3379.5833333333333333,12
"2004-12-01",4472,2912.8333333333333333,12
"2014-05-01",3774,3462.1666666666666667,12
"2000-07-01",2382,2517.3333333333333333,12
"2002-01-01",1987,2624.5000000000000000,12
"2003-12-01",4309,2713.7500000000000000,12
"2019-05-01",3807,3455.7500000000000000,12
"1996-04-01",2346,2355.8333333333333333,12
"2012-02-01",3036,3377.5000000000000000,12
"1993-05-01",2873,2694.6666666666666667,12
"1996-03-01",2193,2363.5000000000000000,12
"2008-06-01",3149,3302.0000000000000000,12
"2018-06-01",3298,3380.5000000000000000,12
"2016-10-01",3274,3420.1666666666666667,12
"2013-05-01",3744,3462.2500000000000000,12
"2011-07-01",3060,3259.2500000000000000,12
"2016-03-01",3659,3443.4166666666666667,12
"2003-08-01",2597,2624.5833333333333333,12
"2017-05-01",3616,3382.2500000000000000,12
"2010-12-01",4440,3140.8333333333333333,12
"2009-02-01",2424,3152.4166666666666667,12
"2006-08-01",2960,3183.0000000000000000,12
"2013-01-01",2664,3492.8333333333333333,12
"2015-10-01",3454,3437.2500000000000000,12
"1996-08-01",2353,2352.6666666666666667,12
"2019-08-01",3325,3454.0000000000000000,12
"2012-11-01",3823,3493.0833333333333333,12
"2010-10-01",3214,3088.2500000000000000,12
"2019-11-01",3850,3409.3333333333333333,12
"2009-11-01",3189,3002.0833333333333333,12
"2008-03-01",3392,3344.6666666666666667,12
"2009-05-01",3280,3074.3333333333333333,12
"2019-03-01",3585,3441.0000000000000000,12
"2017-12-01",4690,3388.3333333333333333,12
"1995-12-01",3693,2391.3333333333333333,12
"1999-11-01",2564,2461.6666666666666667,12
"2008-01-01",2519,3347.8333333333333333,12
"2011-03-01",3449,3180.0000000000000000,12
"2000-08-01",2640,2536.7500000000000000,12
"1998-12-01",3630,2361.0000000000000000,12
"2020-02-01",2797,3416.5833333333333333,12
"2009-06-01",2894,3053.0833333333333333,12
"2020-12-01",3399,2210.5000000000000000,12
"2020-07-01",2373,2585.6666666666666667,12
"2005-02-01",2453,2923.0000000000000000,12
"1993-02-01",2005,2673.2500000000000000,12
"2002-06-01",2478,2622.0833333333333333,12
"1994-06-01",2447,2622.1666666666666667,12
"2012-03-01",3840,3410.0833333333333333,12
"1999-01-01",1745,2362.9166666666666667,12
"2014-10-01",3484,3445.3333333333333333,12
"1995-07-01",2172,2491.0000000000000000,12
"2020-05-01",1099,2763.4166666666666667,12
"2018-08-01",3373,3387.9166666666666667,12
"2009-10-01",3095,3006.5000000000000000,12
"2002-09-01",2373,2605.8333333333333333,12
"1998-07-01",2222,2348.0833333333333333,12
"1996-05-01",2552,2357.2500000000000000,12
"2014-08-01",3455,3451.7500000000000000,12
"2002-08-01",2538,2607.5833333333333333,12
"2018-10-01",3521,3411.0833333333333333,12
"2012-07-01",3094,3436.5833333333333333,12
"1999-04-01",2616,2407.7500000000000000,12
"2003-02-01",2091,2603.8333333333333333,12
"2019-12-01",4496,3405.0833333333333333,12
"2013-12-01",4750,3482.2500000000000000,12
"2010-02-01",2480,3010.8333333333333333,12
"2007-05-01",3760,3331.9166666666666667,12
"2016-11-01",3718,3420.0833333333333333,12
"1997-07-01",2103,2343.6666666666666667,12
"2010-08-01",2960,3068.1666666666666667,12
"1999-07-01",2303,2441.6666666666666667,12
"2019-06-01",3272,3453.5833333333333333,12
"2016-12-01",4714,3403.7500000000000000,12
"2015-11-01",3719,3425.5833333333333333,12
"2006-11-01",3414,3212.1666666666666667,12
"2001-03-01",2671,2656.2500000000000000,12
"2007-07-01",2770,3338.2500000000000000,12
"2008-02-01",2763,3353.5833333333333333,12
"2002-12-01",3966,2603.8333333333333333,12
"1993-09-01",2622,2721.7500000000000000,12
"2013-07-01",3184,3461.3333333333333333,12
"2001-09-01",2394,2628.0000000000000000,12
"2004-08-01",2644,2859.0000000000000000,12
"2005-10-01",3120,3044.9166666666666667,12
"2002-04-01",2680,2623.8333333333333333,12
"1998-04-01",2507,2326.6666666666666667,12
"2003-05-01",2813,2599.0000000000000000,12
"2002-02-01",2159,2624.9166666666666667,12
"1996-02-01",1834,2380.1666666666666667,12
"2014-01-01",2469,3466.0000000000000000,12
"2018-04-01",3429,3368.3333333333333333,12
"2007-06-01",3412,3351.0000000000000000,12
"2017-08-01",3293,3387.5833333333333333,12
"1999-08-01",2407,2448.3333333333333333,12
"2012-04-01",3592,3410.9166666666666667,12
"2010-06-01",2995,3055.7500000000000000,12
"2003-03-01",2619,2590.5000000000000000,12
"2002-10-01",2531,2598.8333333333333333,12
"1993-04-01",2762,2684.5833333333333333,12
"2011-01-01",2345,3144.2500000000000000,12
"2012-08-01",3284,3458.0000000000000000,12
"2015-03-01",3545,3462.8333333333333333,12
"2018-01-01",2391,3383.0833333333333333,12
"2011-05-01",3508,3217.3333333333333333,12
"2000-12-01",3873,2620.5833333333333333,12
"1998-11-01",2531,2354.8333333333333333,12
"1997-08-01",2334,2342.0833333333333333,12
"1998-06-01",2254,2338.1666666666666667,12
"2002-11-01",2740,2595.0000000000000000,12
"2001-04-01",2801,2664.1666666666666667,12
"1999-02-01",1883,2372.5833333333333333,12
"2018-11-01",4157,3443.0000000000000000,12
"2002-03-01",2779,2633.9166666666666667,12
"1998-01-01",1722,2320.4166666666666667,12
"2014-02-01",2823,3467.4166666666666667,12
"2008-11-01",3242,3255.0833333333333333,12
"2004-01-01",2267,2731.4166666666666667,12
"1997-11-01",2486,2327.5833333333333333,12
"1995-10-01",2312,2447.6666666666666667,12
"1995-05-01",2535,2504.8333333333333333,12
"2009-04-01",3264,3101.2500000000000000,12
"2015-06-01",3231,3452.4166666666666667,12
"2007-02-01",2694,3258.8333333333333333,12
"2005-07-01",2741,2999.4166666666666667,12
"2011-04-01",3582,3200.6666666666666667,12
"2018-05-01",3805,3384.0833333333333333,12
"1995-03-01",2393,2516.2500000000000000,12
"1999-05-01",2687,2422.3333333333333333,12
"2016-01-01",2477,3419.1666666666666667,12
"2008-08-01",3144,3313.7500000000000000,12
"2006-03-01",3194,3117.4166666666666667,12
"2020-01-01",2532,3406.8333333333333333,12
"2017-07-01",3199,3395.5000000000000000,12
"2012-12-01",4693,3482.8333333333333333,12
"1995-01-01",1723,2543.5000000000000000,12
"1995-09-01",2370,2469.3333333333333333,12
"2020-04-01",495,2989.0833333333333333,12
"2003-01-01",2055,2609.5000000000000000,12
"2017-10-01",3299,3385.6666666666666667,12
"2010-04-01",3334,3045.0000000000000000,12
"2008-07-01",2972,3318.8333333333333333,12
"1997-01-01",1699,2364.3333333333333333,12
"2010-09-01",3061,3078.3333333333333333,12
"2003-10-01",2793,2667.5833333333333333,12
"2018-12-01",4547,3431.0833333333333333,12
"2001-06-01",2507,2654.1666666666666667,12
"2003-11-01",2951,2685.1666666666666667,12
"2013-06-01",3273,3453.8333333333333333,12
"2000-10-01",2648,2579.5000000000000000,12
"2013-04-01",3511,3458.0000000000000000,12
"1993-01-01",2123,2672.0833333333333333,12
"2007-04-01",3531,3296.9166666666666667,12
"2015-09-01",3164,3439.7500000000000000,12
"2009-07-01",2716,3031.7500000000000000,12
"2017-09-01",3122,3383.5833333333333333,12
"2016-06-01",3240,3437.5833333333333333,12
"2019-07-01",3261,3458.0000000000000000,12
"2008-09-01",3064,3304.3333333333333333,12
"2005-05-01",3164,2964.9166666666666667,12
"2000-01-01",1682,2457.1666666666666667,12
"1994-12-01",4138,2548.7500000000000000,12
"1997-10-01",2358,2336.5833333333333333,12
"2000-02-01",1991,2466.1666666666666667,12
"1997-09-01",2265,2341.1666666666666667,12
"2019-10-01",3390,3434.9166666666666667,12
"2017-06-01",3341,3390.6666666666666667,12
"2009-01-01",2285,3180.6666666666666667,12
"2004-10-01",2990,2887.6666666666666667,12
"1997-05-01",2429,2355.7500000000000000,12
"1995-08-01",2326,2473.3333333333333333,12
"1994-11-01",2798,2551.4166666666666667,12
"2015-12-01",4910,3422.0833333333333333,12
"1994-01-01",1786,2667.7500000000000000,12
"2017-04-01",3624,3381.4166666666666667,12
"1994-07-01",2248,2597.9166666666666667,12
"2020-10-01",2634,2395.5833333333333333,12
"2007-03-01",3499,3284.2500000000000000,12
"2016-08-01",3388,3434.6666666666666667,12
"2014-06-01",3183,3454.6666666666666667,12
"2000-03-01",2670,2479.7500000000000000,12
"2008-05-01",3603,3323.9166666666666667,12
"2020-11-01",2726,2301.9166666666666667,12
"2005-06-01",3045,2987.2500000000000000,12
"2004-05-01",3005,2822.9166666666666667,12
"2001-08-01",2661,2650.0000000000000000,12
"2010-03-01",3293,3039.1666666666666667,12
"2015-07-01",3181,3452.6666666666666667,12
"2013-03-01",3733,3464.7500000000000000,12
"2012-09-01",3339,3461.1666666666666667,12
"2004-03-01",2915,2782.0000000000000000,12
